Login;Haslo;Powtórz hasło;Imię;Nazwisko;Kod Grupy
Izabela;Hasło1;Hasło2;Iza;Labunko;wsbpstogrupaVI
SuperTester-lepszego nie znajdziecie;qExuNafimufUzIDUCIZeXYLetEcAZu;qExuNafimufUzIDUCIZeXYLetEcAZu;Katarzyna;Mizera Sroka;wsbpstogrupaVI
zgloszenia@gmail.com;"+y-IKYByRYx""""*+_BE";"+y-IKYByRYx""""*+_BE";Wojtek;Rostocki;wsbpstogrupaVI
X Æ A-12;+&@Y~`C`<aL'`~q,,OX)G)=i;+&@Y~`C`<aL'`~q,,OX)G)=i;Radek;Dubiel;wsbpstogrupaVI
soH;%)_-'(;%)_-'(;bozena;bialoszewska;wsbpstogrupaVI
zobda1977;SIP&J;SIP&J;Marta;Gac;wsbpstogrupaVI
Życie na krawędzi;`#K_'`L^.%^%?y,Y-A`<)+@=>;`#K_'`L^.%^%?y,Y-A`<)+@=>;Szymon;Szymon;wsbpstogrupaVI
#f0f0f0f0;tUkihAjUBIp;tUkihAjUBIp;Karol;karolkiewicz;wsbpstogrupaVI
[Mentor1!];pAGarysapYZOnuzIHamuMYPaHAxiLe;pAGarysapYZOnuzIHamuMYPaHAxiLe;Bartek;mistrzowski;wsbpstogrupaVI
"""Wybór Zofii""";KoxiDaJococYciJokUZaBaqUME;KoxiDaJococYciJokUZaBaqUME;Zofia;Pudlowska;wsbpstogrupaVI
Borys05.76;tYvEMuReTYZeZeQABIkotoSukUdo;tYvEMuReTYZeZeQABIkotoSukUdo;Borys;Klecha;wsbpstogrupaVI
Leon_the_gamer;reRizigU;reRizigU;Leon;Klecha;wsbpstogrupaVI
Wiesława;IFYOULIKEPINACOLADA2020;IFYOULIKEPINACOLADA2020;Wiesia;Borysiak;wsbpstogrupaVI
Bożydar;komarzyca;komarzyca;Michu;Sokolowski;wsbpstogrupaVI
Kto ma wiedzieć ten wie :);12345;12345;Sebastian;Bu;wsbpstogrupaVI
Anna Maria ;Zaczarowany Ogród;Zaczarowany Ogród;Ania;Zmuda Trzebiatowska Mazurkiewicz;wsbpstogrupaVI
:);Litwo ojczyzno moja ty jesteś jak zdrowie;Litwo ojczyzno moja ty jesteś jak zdrowie;Kora;Jackowska1;wsbpstogrupaVI
@toja;@toja;@toja;Dorian;Gray;wsbpstogrupaVI
Piękny i Bestia;Piękny i Bestia;Piękny i Bestia;Matylda;Milasiewicz;wsbpstogrupaVI
